"customer_id","monetary","aov_freq","rfm"
CUS000001,99059000.00,99059000.000000000004,"343"
CUS000002,115543000.00,115542999.999999999999,"344"
CUS000003,53685000.00,53685000.000000000000,"333"
CUS000004,59384000.00,59384000.000000000000,"333"
CUS000005,103481000.00,103480999.999999999998,"344"
CUS000006,20019500.00,20019500.000000000001,"331"
CUS000007,83881000.00,83881000.000000000000,"343"
CUS000008,26820500.00,26820500.000000000000,"222"
CUS000009,15381000.00,15381000.000000000000,"211"
CUS000010,110717000.00,110716999.999999999998,"344"
CUS000011,57053000.00,57052999.999999999998,"343"
CUS000012,108181500.00,108181500.000000000003,"444"
CUS000013,85871000.00,85871000.000000000000,"343"
CUS000014,22739000.00,22739000.000000000000,"221"
CUS000015,60967500.00,60967500.000000000000,"333"
CUS000016,63229000.00,63229000.000000000000,"333"
CUS000017,64359500.00,64359500.000000000000,"333"
CUS000018,139242500.00,139242500.000000000000,"344"
CUS000019,11843000.00,11843000.000000000001,"331"
CUS000020,40351000.00,40350999.999999999999,"332"
