"order_date","mom_growth","ma_7day","ma_30day"
2026-01-01,,490471500.00,490471500.00
2026-01-02,-47.79,373285250.00,373285250.00
2026-01-03,52.72,379229500.00,379229500.00
2026-01-04,-23.98,358758625.00,358758625.00
2026-01-05,31.64,365294700.00,365294700.00
2026-01-06,19.91,382639833.33,382639833.33
2026-01-07,-20.12,381535571.43,381535571.43
2026-01-08,-13.96,357551714.29,374166687.50
2026-01-09,-11.02,361973285.71,364487055.56
2026-01-10,51.09,368056857.14,371408650.00
2026-01-11,-18.30,376198785.71,369856909.09
2026-01-12,-2.65,369555500.00,367780166.67
2026-01-13,-27.16,338395571.43,358816000.00
2026-01-14,3.53,321997214.29,351766392.86
2026-01-15,-6.50,310659500.00,344530000.00
2026-01-16,97.55,338293357.14,353027312.50
2026-01-17,-19.96,331273928.57,354882588.24
2026-01-18,-3.31,333775642.86,355825305.56
2026-01-19,-43.53,314497214.29,348149605.26
2026-01-20,42.67,321404000.00,345721800.00
2026-01-21,21.22,336124142.86,346552309.52
2026-01-22,17.82,362506000.00,350249636.36
2026-01-23,-60.62,317936000.00,342347347.83
2026-01-24,36.24,295792857.14,337648083.33
2026-01-25,14.88,280344714.29,334690740.00
2026-01-26,-6.92,285413071.43,331259000.00
2026-01-27,120.39,319896857.14,339026444.44
2026-01-28,-34.87,318347928.57,339501214.29
2026-01-29,-6.86,304100071.43,339110086.21
2026-01-30,32.48,342133928.57,342297550.00
2026-01-31,-38.40,347592500.00,334874333.33
2026-02-01,-15.02,342428785.71,333923316.67
2026-02-02,55.38,357874428.57,332672216.67
2026-02-03,5.36,333810571.43,335178450.00
2026-02-04,-56.96,306386571.43,327475550.00
2026-02-05,142.16,314978428.57,324773416.67
2026-02-06,-14.72,300181785.71,323315000.00
2026-02-07,9.15,313566214.29,324611050.00
2026-02-08,30.62,348507571.43,330781316.67
2026-02-09,-46.54,334052285.71,324737816.67
2026-02-10,61.29,338989500.00,326496283.33
2026-02-11,-26.89,358599571.43,324919166.67
2026-02-12,-14.30,339565428.57,325046383.33
2026-02-13,64.17,352075857.14,330333350.00
2026-02-14,-6.71,356240785.71,335246683.33
2026-02-15,-11.26,338310714.29,330785366.67
2026-02-16,7.04,355258785.71,330334283.33
2026-02-17,-18.99,340042500.00,327958550.00
2026-02-18,-32.98,326302857.14,327673816.67
2026-02-19,48.29,332540500.00,327644900.00
2026-02-20,75.52,347623214.29,333016466.67
2026-02-21,-26.06,347205428.57,331676550.00
2026-02-22,-25.75,338806785.71,335655216.67
2026-02-23,12.63,332116785.71,338809866.67
2026-02-24,30.21,349483571.43,344090950.00
2026-02-25,-32.08,361664428.57,345465800.00
2026-02-26,77.45,391668500.00,344391616.67
2026-02-27,-37.86,361932285.71,343186150.00
2026-02-28,-12.61,346017142.86,341457200.00
2026-03-01,30.49,356400000.00,338983966.67
2026-03-02,33.31,378744928.57,346078766.67
2026-03-03,-19.61,373632142.86,351371733.33
2026-03-04,32.36,405725500.00,356631050.00
2026-03-05,-29.39,384625142.86,356248350.00
2026-03-06,-20.52,380455500.00,360468900.00
2026-03-07,41.34,398927500.00,361045316.67
2026-03-08,-10.35,399367214.29,362127233.33
2026-03-09,20.93,393523142.86,364735383.33
2026-03-10,-31.15,381578928.57,359088383.33
2026-03-11,30.12,364804571.43,363806583.33
2026-03-12,28.95,385798285.71,367170400.00
2026-03-13,-14.11,407131857.14,371793100.00
2026-03-14,-22.85,397276071.43,374511133.33
2026-03-15,-7.88,389630142.86,370889900.00
2026-03-16,-8.76,367233928.57,367300450.00
2026-03-17,32.77,377650428.57,368267650.00
2026-03-18,11.19,381044857.14,369823333.33
2026-03-19,-18.08,357355142.86,371210016.67
2026-03-20,35.97,361493500.00,380004250.00
2026-03-21,-34.00,357274642.86,380282433.33
2026-03-22,-1.12,356351428.57,372926483.33
2026-03-23,41.30,377223642.86,374304700.00
2026-03-24,3.06,386722500.00,379447983.33
2026-03-25,-36.55,367129857.14,377993050.00
2026-03-26,69.69,386259142.86,379790983.33
2026-03-27,-9.01,381676071.43,384673633.33
2026-03-28,-45.80,371350571.43,375541583.33
2026-03-29,61.64,382193071.43,377654000.00
2026-03-30,-25.94,361055285.71,377813600.00
2026-03-31,-0.33,337912785.71,375134300.00
2026-04-01,17.13,344712214.29,370052083.33
2026-04-02,-24.85,311928571.43,365393483.33
2026-04-03,97.83,319736357.14,364609500.00
2026-04-04,-17.73,343531000.00,365952950.00
2026-04-05,-33.64,327363642.86,365265900.00
2026-04-06,45.50,342572642.86,364664133.33
2026-04-07,-31.65,340390571.43,361373083.33
2026-04-08,48.91,349861785.71,359864433.33
2026-04-09,-31.84,353040928.57,358734616.67
2026-04-10,41.30,337619714.29,358266366.67
2026-04-11,-16.07,325835285.71,351961583.33
2026-04-12,13.34,339415071.43,349465316.67
2026-04-13,0.38,335881500.00,350338733.33
2026-04-14,-23.25,337817785.71,349283533.33
2026-04-15,55.76,343423285.71,354308616.67
2026-04-16,-26.44,350591571.43,352420883.33
2026-04-17,-14.82,335140285.71,347555300.00
2026-04-18,47.45,346828000.00,349505250.00
2026-04-19,0.07,352478071.43,347361716.67
2026-04-20,-35.68,337490785.71,345722500.00
2026-04-21,41.02,349668571.43,347724200.00
2026-04-22,-36.42,320747571.43,341130866.67
2026-04-23,52.74,325627500.00,338165383.33
2026-04-24,-25.52,324386785.71,337581916.67
2026-04-25,-30.79,293155642.86,327781100.00
2026-04-26,84.00,283731500.00,324507983.33
2026-04-27,10.63,299831142.86,329034633.33
2026-04-28,-32.21,283763500.00,324757300.00
2026-04-29,33.99,298813071.43,326607683.33
2026-04-30,37.54,314494285.71,332701066.67
2026-05-01,-29.76,323368714.29,332601766.67
2026-05-02,-10.91,338746428.57,334038600.00
2026-05-03,41.31,349371214.29,331422783.33
2026-05-04,-12.40,347660428.57,329998166.67
2026-05-05,4.30,365206642.86,333587333.33
2026-05-06,20.66,381594357.14,335712750.00
2026-05-07,-10.85,372931785.71,340294016.67
2026-05-08,-25.31,369403285.71,337161450.00
2026-05-09,-2.04,370065071.43,338010900.00
2026-05-10,27.56,365219428.57,337862716.67
2026-05-11,-28.76,352199142.86,336149733.33
2026-05-12,41.09,352677071.43,336681800.00
2026-05-13,-33.97,323800571.43,332893866.67
2026-05-14,27.26,311625428.57,334182466.67
2026-05-15,-23.30,303444000.00,327832950.00
2026-05-16,27.66,305749642.86,327547783.33
2026-05-17,-6.56,293558071.43,328160200.00
2026-05-18,-0.87,296430857.14,324390400.00
2026-05-19,10.14,287770000.00,321583250.00
2026-05-20,3.88,299181857.14,323955116.67
2026-05-21,-38.26,282904714.29,318604233.33
2026-05-22,46.08,290556928.57,320788466.67
2026-05-23,31.31,301873285.71,322005133.33
2026-05-24,-42.85,292245285.71,320660516.67
2026-05-25,54.13,300198714.29,326033783.33
2026-05-26,18.20,312911500.00,328391916.67
2026-05-27,7.36,328134785.71,330559300.00
2026-05-28,-12.35,353657428.57,334912816.67
2026-05-29,-15.76,357209857.14,334414383.33
2026-05-30,9.01,351627642.86,330669583.33
2026-05-31,-6.52,366633000.00,330755516.67
2026-06-01,-14.87,357456285.71,330399416.67
2026-06-02,62.20,364146000.00,331839366.67
2026-06-03,-41.19,339938642.86,328757550.00
2026-06-04,43.42,339925000.00,329013766.67
2026-06-05,-25.31,334705500.00,323473650.00
2026-06-06,47.02,344498642.86,324035183.33
2026-06-07,-7.79,352892357.14,326902966.67
2026-06-08,-29.57,351918571.43,326165233.33
2026-06-09,2.04,326945142.86,322908700.00
2026-06-10,9.15,332232785.71,324098733.33
2026-06-11,11.37,325936071.43,322774200.00
2026-06-12,-9.38,328916357.14,324667333.33
2026-06-13,49.54,334397857.14,329348750.00
2026-06-14,-33.22,322833428.57,331427166.67
2026-06-15,-14.71,321176500.00,329764833.33
2026-06-16,10.01,322452428.57,329650716.67
2026-06-17,65.69,347001500.00,335898550.00
2026-06-18,9.77,373254214.29,342720516.67
2026-06-19,-23.88,386243714.29,344981766.67
2026-06-20,-23.58,364210571.43,348320116.67
2026-06-21,12.69,369388500.00,349821200.00
2026-06-22,-4.16,378954285.71,347750400.00
2026-06-23,46.50,406555142.86,356323016.67
2026-06-24,-51.93,371649928.57,352570500.00
2026-06-25,53.52,347755785.71,350850850.00
2026-06-26,-19.42,331826928.57,345843266.67
2026-06-27,-18.16,321864857.14,340901850.00
2026-06-28,42.49,320582571.43,341274833.33
2026-06-29,-32.33,305959928.57,337094600.00
