"customer_id","recency_days","frequency","monetory"
CUS000001,100,1,7821000.00
CUS000001,106,1,2441500.00
CUS000001,121,1,3429500.00
CUS000001,123,1,17347000.00
CUS000001,127,1,5562000.00
CUS000001,166,1,17775500.00
CUS000001,188,1,15225500.00
CUS000001,206,1,17237000.00
CUS000001,261,1,12220000.00
CUS000002,135,1,26470000.00
CUS000002,136,1,20331000.00
CUS000002,147,1,9892500.00
CUS000002,166,1,14324500.00
CUS000002,187,1,20987500.00
CUS000002,196,1,5219000.00
CUS000002,237,1,5422500.00
CUS000002,253,1,7436000.00
CUS000002,260,1,5460000.00
CUS000003,143,1,16633500.00
CUS000003,157,1,16522000.00
